task_name,task_description
waqar akram,"Sure, I can help you with that! Here's a step-by-step guide to create a CSV file, write a Python script to load data into your Tasks model, and execute the process:"
waqar akram,"Sure, I can help you with that! Here's a step-by-step guide to create a CSV file, write a Python script to load data into your Tasks model, and execute the process:"
waqar akram,"Sure, I can help you with that! Here's a step-by-step guide to create a CSV file, write a Python script to load data into your Tasks model, and execute the process:"
waqar akram,"Sure, I can help you with that! Here's a step-by-step guide to create a CSV file, write a Python script to load data into your Tasks model, and execute the process:"
waqar akram,"Sure, I can help you with that! Here's a step-by-step guide to create a CSV file, write a Python script to load data into your Tasks model, and execute the process:"
waqar akram,"Sure, I can help you with that! Here's a step-by-step guide to create a CSV file, write a Python script to load data into your Tasks model, and execute the process:"
waqar akram,"Sure, I can help you with that! Here's a step-by-step guide to create a CSV file, write a Python script to load data into your Tasks model, and execute the process:"
waqar akram,"Sure, I can help you with that! Here's a step-by-step guide to create a CSV file, write a Python script to load data into your Tasks model, and execute the process:"
waqar akram,"Sure, I can help you with that! Here's a step-by-step guide to create a CSV file, write a Python script to load data into your Tasks model, and execute the process:"
waqar akram,"Sure, I can help you with that! Here's a step-by-step guide to create a CSV file, write a Python script to load data into your Tasks model, and execute the process:"
waqar akram,"Sure, I can help you with that! Here's a step-by-step guide to create a CSV file, write a Python script to load data into your Tasks model, and execute the process:"
waqar akram,"Sure, I can help you with that! Here's a step-by-step guide to create a CSV file, write a Python script to load data into your Tasks model, and execute the process:"
waqar akram,"Sure, I can help you with that! Here's a step-by-step guide to create a CSV file, write a Python script to load data into your Tasks model, and execute the process:"
waqar akram,"Sure, I can help you with that! Here's a step-by-step guide to create a CSV file, write a Python script to load data into your Tasks model, and execute the process:"
waqar akram,"Sure, I can help you with that! Here's a step-by-step guide to create a CSV file, write a Python script to load data into your Tasks model, and execute the process:"
waqar akram,"Sure, I can help you with that! Here's a step-by-step guide to create a CSV file, write a Python script to load data into your Tasks model, and execute the process:"
waqar akram,"Sure, I can help you with that! Here's a step-by-step guide to create a CSV file, write a Python script to load data into your Tasks model, and execute the process:"
waqar akram,"Sure, I can help you with that! Here's a step-by-step guide to create a CSV file, write a Python script to load data into your Tasks model, and execute the process:"
waqar akram,"Sure, I can help you with that! Here's a step-by-step guide to create a CSV file, write a Python script to load data into your Tasks model, and execute the process:"
waqar akram,"Sure, I can help you with that! Here's a step-by-step guide to create a CSV file, write a Python script to load data into your Tasks model, and execute the process:"
waqar akram,"Sure, I can help you with that! Here's a step-by-step guide to create a CSV file, write a Python script to load data into your Tasks model, and execute the process:"
waqar akram,"Sure, I can help you with that! Here's a step-by-step guide to create a CSV file, write a Python script to load data into your Tasks model, and execute the process:"
waqar akram,"Sure, I can help you with that! Here's a step-by-step guide to create a CSV file, write a Python script to load data into your Tasks model, and execute the process:"
waqar akram,"Sure, I can help you with that! Here's a step-by-step guide to create a CSV file, write a Python script to load data into your Tasks model, and execute the process:"
waqar akram,"Sure, I can help you with that! Here's a step-by-step guide to create a CSV file, write a Python script to load data into your Tasks model, and execute the process:"
waqar akram,"Sure, I can help you with that! Here's a step-by-step guide to create a CSV file, write a Python script to load data into your Tasks model, and execute the process:"
waqar akram,"Sure, I can help you with that! Here's a step-by-step guide to create a CSV file, write a Python script to load data into your Tasks model, and execute the process:"
waqar akram,"Sure, I can help you with that! Here's a step-by-step guide to create a CSV file, write a Python script to load data into your Tasks model, and execute the process:"
waqar akram,"Sure, I can help you with that! Here's a step-by-step guide to create a CSV file, write a Python script to load data into your Tasks model, and execute the process:"
waqar akram,"Sure, I can help you with that! Here's a step-by-step guide to create a CSV file, write a Python script to load data into your Tasks model, and execute the process:"
waqar akram,"Sure, I can help you with that! Here's a step-by-step guide to create a CSV file, write a Python script to load data into your Tasks model, and execute the process:"
waqar akram,"Sure, I can help you with that! Here's a step-by-step guide to create a CSV file, write a Python script to load data into your Tasks model, and execute the process:"
waqar akram,"Sure, I can help you with that! Here's a step-by-step guide to create a CSV file, write a Python script to load data into your Tasks model, and execute the process:"
waqar akram,"Sure, I can help you with that! Here's a step-by-step guide to create a CSV file, write a Python script to load data into your Tasks model, and execute the process:"
waqar akram,"Sure, I can help you with that! Here's a step-by-step guide to create a CSV file, write a Python script to load data into your Tasks model, and execute the process:"
waqar akram,"Sure, I can help you with that! Here's a step-by-step guide to create a CSV file, write a Python script to load data into your Tasks model, and execute the process:"
waqar akram,"Sure, I can help you with that! Here's a step-by-step guide to create a CSV file, write a Python script to load data into your Tasks model, and execute the process:"
waqar akram,"Sure, I can help you with that! Here's a step-by-step guide to create a CSV file, write a Python script to load data into your Tasks model, and execute the process:"
waqar akram,"Sure, I can help you with that! Here's a step-by-step guide to create a CSV file, write a Python script to load data into your Tasks model, and execute the process:"
waqar akram,"Sure, I can help you with that! Here's a step-by-step guide to create a CSV file, write a Python script to load data into your Tasks model, and execute the process:"
waqar akram,"Sure, I can help you with that! Here's a step-by-step guide to create a CSV file, write a Python script to load data into your Tasks model, and execute the process:"
waqar akram,"Sure, I can help you with that! Here's a step-by-step guide to create a CSV file, write a Python script to load data into your Tasks model, and execute the process:"
waqar akram,"Sure, I can help you with that! Here's a step-by-step guide to create a CSV file, write a Python script to load data into your Tasks model, and execute the process:"
waqar akram,"Sure, I can help you with that! Here's a step-by-step guide to create a CSV file, write a Python script to load data into your Tasks model, and execute the process:"
waqar akram,"Sure, I can help you with that! Here's a step-by-step guide to create a CSV file, write a Python script to load data into your Tasks model, and execute the process:"
waqar akram,"Sure, I can help you with that! Here's a step-by-step guide to create a CSV file, write a Python script to load data into your Tasks model, and execute the process:"
waqar akram,"Sure, I can help you with that! Here's a step-by-step guide to create a CSV file, write a Python script to load data into your Tasks model, and execute the process:"
waqar akram,"Sure, I can help you with that! Here's a step-by-step guide to create a CSV file, write a Python script to load data into your Tasks model, and execute the process:"
waqar akram,"Sure, I can help you with that! Here's a step-by-step guide to create a CSV file, write a Python script to load data into your Tasks model, and execute the process:"
waqar akram,"Sure, I can help you with that! Here's a step-by-step guide to create a CSV file, write a Python script to load data into your Tasks model, and execute the process:"
waqar akram,"Sure, I can help you with that! Here's a step-by-step guide to create a CSV file, write a Python script to load data into your Tasks model, and execute the process:"
waqar akram,"Sure, I can help you with that! Here's a step-by-step guide to create a CSV file, write a Python script to load data into your Tasks model, and execute the process:"
waqar akram,"Sure, I can help you with that! Here's a step-by-step guide to create a CSV file, write a Python script to load data into your Tasks model, and execute the process:"
waqar akram,"Sure, I can help you with that! Here's a step-by-step guide to create a CSV file, write a Python script to load data into your Tasks model, and execute the process:"
waqar akram,"Sure, I can help you with that! Here's a step-by-step guide to create a CSV file, write a Python script to load data into your Tasks model, and execute the process:"
waqar akram,"Sure, I can help you with that! Here's a step-by-step guide to create a CSV file, write a Python script to load data into your Tasks model, and execute the process:"
waqar akram,"Sure, I can help you with that! Here's a step-by-step guide to create a CSV file, write a Python script to load data into your Tasks model, and execute the process:"
waqar akram,"Sure, I can help you with that! Here's a step-by-step guide to create a CSV file, write a Python script to load data into your Tasks model, and execute the process:"
waqar akram,"Sure, I can help you with that! Here's a step-by-step guide to create a CSV file, write a Python script to load data into your Tasks model, and execute the process:"
waqar akram,"Sure, I can help you with that! Here's a step-by-step guide to create a CSV file, write a Python script to load data into your Tasks model, and execute the process:"
waqar akram,"Sure, I can help you with that! Here's a step-by-step guide to create a CSV file, write a Python script to load data into your Tasks model, and execute the process:"
waqar akram,"Sure, I can help you with that! Here's a step-by-step guide to create a CSV file, write a Python script to load data into your Tasks model, and execute the process:"
waqar akram,"Sure, I can help you with that! Here's a step-by-step guide to create a CSV file, write a Python script to load data into your Tasks model, and execute the process:"
waqar akram,"Sure, I can help you with that! Here's a step-by-step guide to create a CSV file, write a Python script to load data into your Tasks model, and execute the process:"
waqar akram,"Sure, I can help you with that! Here's a step-by-step guide to create a CSV file, write a Python script to load data into your Tasks model, and execute the process:"
waqar akram,"Sure, I can help you with that! Here's a step-by-step guide to create a CSV file, write a Python script to load data into your Tasks model, and execute the process:"
waqar akram,"Sure, I can help you with that! Here's a step-by-step guide to create a CSV file, write a Python script to load data into your Tasks model, and execute the process:"
waqar akram,"Sure, I can help you with that! Here's a step-by-step guide to create a CSV file, write a Python script to load data into your Tasks model, and execute the process:"
waqar akram,"Sure, I can help you with that! Here's a step-by-step guide to create a CSV file, write a Python script to load data into your Tasks model, and execute the process:"
waqar akram,"Sure, I can help you with that! Here's a step-by-step guide to create a CSV file, write a Python script to load data into your Tasks model, and execute the process:"
waqar akram,"Sure, I can help you with that! Here's a step-by-step guide to create a CSV file, write a Python script to load data into your Tasks model, and execute the process:"
waqar akram,"Sure, I can help you with that! Here's a step-by-step guide to create a CSV file, write a Python script to load data into your Tasks model, and execute the process:"
waqar akram,"Sure, I can help you with that! Here's a step-by-step guide to create a CSV file, write a Python script to load data into your Tasks model, and execute the process:"
waqar akram,"Sure, I can help you with that! Here's a step-by-step guide to create a CSV file, write a Python script to load data into your Tasks model, and execute the process:"
waqar akram,"Sure, I can help you with that! Here's a step-by-step guide to create a CSV file, write a Python script to load data into your Tasks model, and execute the process:"
waqar akram,"Sure, I can help you with that! Here's a step-by-step guide to create a CSV file, write a Python script to load data into your Tasks model, and execute the process:"
waqar akram,"Sure, I can help you with that! Here's a step-by-step guide to create a CSV file, write a Python script to load data into your Tasks model, and execute the process:"
waqar akram,"Sure, I can help you with that! Here's a step-by-step guide to create a CSV file, write a Python script to load data into your Tasks model, and execute the process:"
waqar akram,"Sure, I can help you with that! Here's a step-by-step guide to create a CSV file, write a Python script to load data into your Tasks model, and execute the process:"
waqar akram,"Sure, I can help you with that! Here's a step-by-step guide to create a CSV file, write a Python script to load data into your Tasks model, and execute the process:"
waqar akram,"Sure, I can help you with that! Here's a step-by-step guide to create a CSV file, write a Python script to load data into your Tasks model, and execute the process:"
waqar akram,"Sure, I can help you with that! Here's a step-by-step guide to create a CSV file, write a Python script to load data into your Tasks model, and execute the process:"
waqar akram,"Sure, I can help you with that! Here's a step-by-step guide to create a CSV file, write a Python script to load data into your Tasks model, and execute the process:"
waqar akram,"Sure, I can help you with that! Here's a step-by-step guide to create a CSV file, write a Python script to load data into your Tasks model, and execute the process:"
waqar akram,"Sure, I can help you with that! Here's a step-by-step guide to create a CSV file, write a Python script to load data into your Tasks model, and execute the process:"
waqar akram,"Sure, I can help you with that! Here's a step-by-step guide to create a CSV file, write a Python script to load data into your Tasks model, and execute the process:"
waqar akram,"Sure, I can help you with that! Here's a step-by-step guide to create a CSV file, write a Python script to load data into your Tasks model, and execute the process:"
waqar akram,"Sure, I can help you with that! Here's a step-by-step guide to create a CSV file, write a Python script to load data into your Tasks model, and execute the process:"
waqar akram,"Sure, I can help you with that! Here's a step-by-step guide to create a CSV file, write a Python script to load data into your Tasks model, and execute the process:"
waqar akram,"Sure, I can help you with that! Here's a step-by-step guide to create a CSV file, write a Python script to load data into your Tasks model, and execute the process:"
waqar akram,"Sure, I can help you with that! Here's a step-by-step guide to create a CSV file, write a Python script to load data into your Tasks model, and execute the process:"
waqar akram,"Sure, I can help you with that! Here's a step-by-step guide to create a CSV file, write a Python script to load data into your Tasks model, and execute the process:"
waqar akram,"Sure, I can help you with that! Here's a step-by-step guide to create a CSV file, write a Python script to load data into your Tasks model, and execute the process:"
waqar akram,"Sure, I can help you with that! Here's a step-by-step guide to create a CSV file, write a Python script to load data into your Tasks model, and execute the process:"
waqar akram,"Sure, I can help you with that! Here's a step-by-step guide to create a CSV file, write a Python script to load data into your Tasks model, and execute the process:"
waqar akram,"Sure, I can help you with that! Here's a step-by-step guide to create a CSV file, write a Python script to load data into your Tasks model, and execute the process:"
waqar akram,"Sure, I can help you with that! Here's a step-by-step guide to create a CSV file, write a Python script to load data into your Tasks model, and execute the process:"
waqar akram,"Sure, I can help you with that! Here's a step-by-step guide to create a CSV file, write a Python script to load data into your Tasks model, and execute the process:"
waqar akram,"Sure, I can help you with that! Here's a step-by-step guide to create a CSV file, write a Python script to load data into your Tasks model, and execute the process:"
waqar akram,"Sure, I can help you with that! Here's a step-by-step guide to create a CSV file, write a Python script to load data into your Tasks model, and execute the process:"
